City_ID,City,Country,Date,Lat,Lng,Max Temp,Humidity,Cloudiness,Wind Speed
0,Yellowknife,CA,2022-Jul-20 06:12:23,62.456,-114.3525,59.4,86,94,13.13
1,Goderich,CA,2022-Jul-20 06:19:51,43.7501,-81.7165,77.32,73,91,13.8
2,Rikitea,PF,2022-Jul-20 06:15:50,-23.1203,-134.9692,73.67,78,3,6.62
3,Hohhot,CN,2022-Jul-20 06:19:52,40.8106,111.6522,88.09,30,20,6.71
4,Koygorodok,RU,2022-Jul-20 06:19:53,60.445,50.9968,55.27,97,99,8.21
5,Alofi,NU,2022-Jul-20 06:19:53,-19.0595,-169.9187,75.09,78,8,16.11
6,Ponta Do Sol,PT,2022-Jul-20 06:19:53,32.6667,-17.1,70.43,74,14,5.88
7,Syracuse,IT,2022-Jul-20 06:19:54,37.0881,15.2792,76.59,65,0,8.03
8,Chokurdakh,RU,2022-Jul-20 06:17:59,70.6333,147.9167,51.35,59,97,12.1
9,Omboue,GA,2022-Jul-20 06:19:55,-1.5746,9.2618,71.89,91,100,7.14
10,Carnarvon,AU,2022-Jul-20 06:19:55,-24.8667,113.6333,76.77,46,87,15.88
11,Mehamn,NO,2022-Jul-20 06:19:25,71.0357,27.8492,51.75,100,75,3.44
12,Jamestown,US,2022-Jul-20 06:19:56,42.097,-79.2353,74.79,87,0,5.75
13,Tiksi,RU,2022-Jul-20 06:16:43,71.6872,128.8694,34.34,93,100,11.34
14,Kodiak,US,2022-Jul-20 06:14:41,57.79,-152.4072,53.11,82,100,4.61
15,Punta Arenas,CL,2022-Jul-20 06:19:57,-53.15,-70.9167,35.71,60,75,47.18
16,Zilair,RU,2022-Jul-20 06:19:57,52.2332,57.4392,68.77,54,50,10.49
17,Saint-Pierre,RE,2022-Jul-20 06:19:58,-21.3393,55.4781,75.29,51,0,13.8
18,Waipawa,NZ,2022-Jul-20 06:19:58,-41.4122,175.5153,48.11,95,99,11.81
19,Cape Town,ZA,2022-Jul-20 06:19:59,-33.9258,18.4232,53.91,84,20,8.05
20,Puerto Ayora,EC,2022-Jul-20 06:15:52,-0.7393,-90.3518,67.55,99,86,3.0
21,Ushuaia,AR,2022-Jul-20 06:14:31,-54.8,-68.3,37.06,93,100,17.27
22,Lengshuijiang,CN,2022-Jul-20 06:20:00,27.6881,111.4294,92.93,60,99,8.79
23,Santa Maria,BR,2022-Jul-20 06:20:01,-29.6842,-53.8069,50.2,96,3,4.9
24,Hobart,AU,2022-Jul-20 06:11:47,-42.8794,147.3294,49.26,68,20,6.91
25,Ponta Delgada,PT,2022-Jul-20 06:20:02,37.7333,-25.6667,73.51,94,75,3.44
26,Khasan,RU,2022-Jul-20 06:20:03,42.4308,130.6434,72.57,87,68,7.45
27,Busselton,AU,2022-Jul-20 06:14:42,-33.65,115.3333,65.71,69,90,16.35
28,Diego De Almagro,CL,2022-Jul-20 06:18:29,-26.3667,-70.05,57.42,32,15,0.74
29,Atuona,PF,2022-Jul-20 06:20:05,-9.8,-139.0333,77.41,76,38,12.37
30,Hambantota,LK,2022-Jul-20 06:20:05,6.1241,81.1185,87.01,68,98,17.13
31,Port Alfred,ZA,2022-Jul-20 06:20:06,-33.5906,26.891,54.18,97,99,1.99
32,Bathsheba,BB,2022-Jul-20 06:20:07,13.2167,-59.5167,80.06,94,75,17.27
33,Tuktoyaktuk,CA,2022-Jul-20 06:15:53,69.4541,-133.0374,48.42,88,100,2.98
34,Hamilton,US,2022-Jul-20 06:15:59,39.1834,-84.5333,76.05,86,0,5.75
35,Demidov,RU,2022-Jul-20 06:20:08,55.2706,31.515,59.63,91,86,12.46
36,Mataura,NZ,2022-Jul-20 06:14:29,-46.1927,168.8643,43.48,84,97,2.39
37,Chuy,UY,2022-Jul-20 06:20:09,-33.6971,-53.4616,44.37,91,0,6.2
38,Vestmannaeyjar,IS,2022-Jul-20 06:20:09,63.4427,-20.2734,50.45,85,87,16.71
39,Hilo,US,2022-Jul-20 06:16:36,19.7297,-155.09,74.93,83,40,4.61
40,Atar,MR,2022-Jul-20 06:20:10,20.5169,-13.0499,79.88,53,2,6.6
41,Bonavista,CA,2022-Jul-20 06:20:10,48.6499,-53.1147,59.68,99,100,16.71
42,Burlington,US,2022-Jul-20 06:18:05,39.8835,-74.6413,80.46,74,0,8.05
43,Kattivakkam,IN,2022-Jul-20 06:20:11,13.2167,80.3167,93.29,73,59,8.7
44,Ambilobe,MG,2022-Jul-20 06:20:12,-13.2,49.05,79.11,39,2,12.37
45,Albany,US,2022-Jul-20 06:14:39,42.6001,-73.9662,73.81,89,51,5.06
46,Pevek,RU,2022-Jul-20 06:14:49,69.7008,170.3133,32.56,97,100,15.12
47,Mandera,KE,2022-Jul-20 06:21:13,3.9366,41.867,78.48,47,70,20.85
48,Bluff,NZ,2022-Jul-20 06:21:13,-46.6,168.3333,43.81,72,98,10.71
49,Aksu,CN,2022-Jul-20 06:21:14,41.1231,80.2644,86.88,18,0,3.78
50,Shimoda,JP,2022-Jul-20 06:21:15,34.6667,138.95,91.11,67,55,9.4
51,Churapcha,RU,2022-Jul-20 06:21:15,62.0025,132.4325,86.16,35,97,11.07
52,Camopi,GF,2022-Jul-20 06:21:16,3.1655,-52.3158,69.58,98,99,2.13
53,Cap Malheureux,MU,2022-Jul-20 06:21:17,-19.9842,57.6142,71.47,64,89,14.0
54,Hailar,CN,2022-Jul-20 06:21:18,49.2,119.7,83.84,34,0,1.68
55,Mar Del Plata,AR,2022-Jul-20 06:14:06,-38.0023,-57.5575,45.09,82,36,8.01
56,Ahipara,NZ,2022-Jul-20 06:21:18,-35.1667,173.1667,54.18,83,67,15.03
57,Torbay,CA,2022-Jul-20 06:18:07,47.6666,-52.7314,67.75,96,100,14.97
58,Rockland,US,2022-Jul-20 06:21:19,41.1668,-74.0496,80.46,85,39,3.31
59,Arlit,NE,2022-Jul-20 06:21:19,18.7369,7.3853,85.73,43,79,4.07
60,Puerto Baquerizo Moreno,EC,2022-Jul-20 06:21:20,-0.9,-89.6,69.89,85,95,11.3
61,Port Lincoln,AU,2022-Jul-20 06:21:21,-34.7333,135.8667,52.29,56,41,10.29
62,Shieli,KZ,2022-Jul-20 06:21:22,44.1667,66.75,99.12,13,0,13.96
63,Luis Correia,BR,2022-Jul-20 06:21:22,-2.8792,-41.6669,75.58,88,74,4.07
64,Taoudenni,ML,2022-Jul-20 06:20:56,22.6783,-3.9836,89.85,24,52,4.99
65,Vaini,TO,2022-Jul-20 06:16:53,-21.2,-175.2,73.56,94,75,8.05
66,Asau,RO,2022-Jul-20 06:21:24,46.4333,26.4,70.72,44,28,0.54
67,Sao Filipe,CV,2022-Jul-20 06:18:12,14.8961,-24.4956,77.11,82,37,4.23
68,Venustiano Carranza,MX,2022-Jul-20 06:21:25,19.43,-99.0992,64.38,60,75,3.44
69,Ketchikan,US,2022-Jul-20 06:21:25,55.3422,-131.6461,57.67,88,75,0.0
70,Filadelfia,US,2022-Jul-20 06:20:05,39.9523,-75.1638,80.49,81,0,9.22
71,Timmins,CA,2022-Jul-20 06:17:56,48.4669,-81.3331,67.82,73,100,5.75
72,Paramonga,PE,2022-Jul-20 06:16:27,-10.6667,-77.8333,61.12,85,70,5.57
73,Arraial Do Cabo,BR,2022-Jul-20 06:16:52,-22.9661,-42.0278,68.25,90,0,3.96
74,Constitucion,CL,2022-Jul-20 06:21:26,-35.3333,-72.4167,45.99,61,0,5.95
75,Pacific Grove,US,2022-Jul-20 06:18:27,36.6177,-121.9166,58.24,92,100,10.36
76,Castro,BR,2022-Jul-20 06:14:47,-24.7911,-50.0119,57.54,96,32,5.91
77,Hithadhoo,MV,2022-Jul-20 06:21:28,-0.6,73.0833,81.32,72,70,3.98
78,Peringat,MY,2022-Jul-20 06:21:28,6.0333,102.2833,89.55,66,20,8.05
79,Hermanus,ZA,2022-Jul-20 06:10:46,-34.4187,19.2345,51.55,71,40,6.98
80,Holme,DK,2022-Jul-20 06:21:29,56.1138,10.1725,72.95,67,21,11.18
81,Port Elizabeth,ZA,2022-Jul-20 06:21:29,-33.918,25.5701,54.32,96,20,5.75
82,Lady Lake,US,2022-Jul-20 06:18:41,28.9175,-81.9229,78.15,93,9,1.01
83,Roswell,US,2022-Jul-20 06:21:22,34.0232,-84.3616,73.96,95,75,3.44
84,Hasaki,JP,2022-Jul-20 06:18:10,35.7333,140.8333,97.29,71,82,11.21
85,Dikson,RU,2022-Jul-20 06:22:31,73.5069,80.5464,47.35,62,69,16.82
86,Jian,CN,2022-Jul-20 06:22:31,27.1172,114.9793,95.56,51,85,13.22
87,Anadyr,RU,2022-Jul-20 06:22:32,64.75,177.4833,50.5,76,40,8.95
88,Georgetown,MY,2022-Jul-20 06:22:32,5.4112,100.3354,89.53,70,20,6.91
89,Jalu,LY,2022-Jul-20 06:22:33,29.0331,21.5482,77.13,55,0,12.73
90,Pincher Creek,CA,2022-Jul-20 06:22:33,49.4833,-113.952,66.65,49,0,13.8
91,Norman Wells,CA,2022-Jul-20 06:16:33,65.282,-126.8329,57.24,77,40,2.3
92,Souillac,MU,2022-Jul-20 06:22:34,-20.5167,57.5167,71.98,64,75,19.57
93,Bandiagara,ML,2022-Jul-20 06:22:34,14.3501,-3.6104,77.52,76,92,6.53
94,Severo-Kurilsk,RU,2022-Jul-20 06:16:53,50.6789,156.125,51.48,97,98,16.2
95,Turkistan,KZ,2022-Jul-20 06:22:35,43.0,68.0,101.89,11,0,22.93
96,Grajau,BR,2022-Jul-20 06:22:35,-5.8194,-46.1386,70.72,66,29,2.28
97,Vao,NC,2022-Jul-20 06:22:36,-22.6667,167.4833,73.83,90,69,10.4
98,Saint-Philippe,RE,2022-Jul-20 06:22:36,-21.3585,55.7679,75.22,68,49,18.1
99,Gizo,SB,2022-Jul-20 06:16:07,-8.103,156.8419,83.1,70,29,2.21
100,Mairinque,BR,2022-Jul-20 06:22:37,-23.5458,-47.1833,64.04,89,73,9.31
101,Bengkulu,ID,2022-Jul-20 06:22:38,-3.8004,102.2655,85.1,66,89,9.44
102,Saldanha,ZA,2022-Jul-20 06:22:38,-33.0117,17.9442,39.25,80,7,9.44
103,Qaanaaq,GL,2022-Jul-20 06:18:16,77.484,-69.3632,39.49,78,94,1.77
104,Mahebourg,MU,2022-Jul-20 06:22:39,-20.4081,57.7,71.89,64,75,19.57
105,Bani,DO,2022-Jul-20 06:22:39,18.2833,-70.3333,79.86,81,6,8.61
106,Tuatapere,NZ,2022-Jul-20 06:22:40,-46.1333,167.6833,43.29,88,98,2.46
107,Flinders,AU,2022-Jul-20 06:22:40,-34.5833,150.8552,57.18,84,49,7.0
108,Bredasdorp,ZA,2022-Jul-20 06:14:48,-34.5322,20.0403,44.51,86,9,3.96
109,Mao,ES,2022-Jul-20 06:22:41,39.8885,4.2658,77.56,94,20,3.44
110,Salalah,OM,2022-Jul-20 06:22:41,17.0151,54.0924,77.09,100,100,11.5
111,Ostrovnoy,RU,2022-Jul-20 06:21:11,68.0531,39.5131,55.33,85,94,8.43
112,Conceicao Do Araguaia,BR,2022-Jul-20 06:22:42,-8.2578,-49.2647,68.45,53,2,3.22
113,Lorengau,PG,2022-Jul-20 06:22:43,-2.0226,147.2712,84.06,69,84,6.8
114,Meiganga,CM,2022-Jul-20 06:22:43,6.5167,14.3,64.33,100,100,1.43
115,San Patricio,US,2022-Jul-20 06:22:44,28.017,-97.5169,85.89,83,0,15.05
116,Coihaique,CL,2022-Jul-20 06:22:44,-45.5752,-72.0662,39.15,93,100,4.61
117,Poum,NC,2022-Jul-20 06:19:19,-20.2333,164.0167,76.75,83,70,8.84
118,Saskylakh,RU,2022-Jul-20 06:22:45,71.9167,114.0833,50.38,48,90,16.2
119,Inhambane,MZ,2022-Jul-20 06:22:45,-23.865,35.3833,67.98,88,20,0.0
120,Thompson,CA,2022-Jul-20 06:22:45,55.7435,-97.8558,69.96,64,75,3.44
121,Azanja,RS,2022-Jul-20 06:22:46,44.4339,20.8759,74.68,47,0,1.48
122,Upernavik,GL,2022-Jul-20 06:22:47,72.7868,-56.1549,43.9,84,82,6.82
123,Port-Gentil,GA,2022-Jul-20 06:22:47,-0.7193,8.7815,73.87,85,92,10.29
124,Clyde River,CA,2022-Jul-20 06:22:48,70.4692,-68.5914,32.23,100,100,4.61
125,Butaritari,KI,2022-Jul-20 06:22:48,3.0707,172.7902,82.26,78,99,11.32
126,Puerto Leguizamo,CO,2022-Jul-20 06:22:48,-0.1934,-74.7819,70.5,99,99,2.15
127,Pangnirtung,CA,2022-Jul-20 06:22:49,66.1451,-65.7125,46.78,91,100,5.08
128,Rapid City,US,2022-Jul-20 06:22:50,44.0805,-103.231,72.09,50,0,9.22
129,Longyearbyen,SJ,2022-Jul-20 06:22:50,78.2186,15.6401,48.04,93,75,5.75
130,Khatanga,RU,2022-Jul-20 06:16:13,71.9667,102.5,54.21,40,92,21.12
131,Aljezur,PT,2022-Jul-20 06:22:51,37.3191,-8.8033,61.95,81,0,10.42
132,New Norfolk,AU,2022-Jul-20 06:23:51,-42.7826,147.0587,48.7,66,3,1.88
133,Akyab,MM,2022-Jul-20 06:23:52,20.15,92.9,86.23,71,100,7.56
134,Vila Franca Do Campo,PT,2022-Jul-20 06:23:52,37.7167,-25.4333,73.2,89,55,5.08
135,Xuddur,SO,2022-Jul-20 06:23:52,4.1213,43.8894,74.57,58,65,22.26
136,Qatana,SY,2022-Jul-20 06:23:53,33.4354,36.0815,75.63,17,0,1.63
137,Cherskiy,RU,2022-Jul-20 06:23:54,68.75,161.3,46.53,64,82,14.27
138,Bafoulabe,ML,2022-Jul-20 06:23:54,13.8065,-10.8321,74.75,90,100,10.71
139,Fortuna,US,2022-Jul-20 06:23:55,40.5982,-124.1573,54.99,88,38,4.14
140,Tasiilaq,GL,2022-Jul-20 06:23:56,65.6145,-37.6368,35.76,94,81,7.05
141,Jalingo,NG,2022-Jul-20 06:23:56,8.8833,11.3667,72.93,93,100,2.68
142,Zyryanka,RU,2022-Jul-20 06:23:57,65.75,150.85,47.14,54,100,12.35
143,Ust-Nera,RU,2022-Jul-20 06:23:57,64.5667,143.2,82.06,41,28,2.35
144,Sembe,CG,2022-Jul-20 06:23:58,1.6481,14.5806,69.39,97,100,1.5
145,Itarema,BR,2022-Jul-20 06:23:58,-2.9248,-39.9167,76.05,89,17,13.35
146,Samana,DO,2022-Jul-20 06:23:59,19.2056,-69.3369,77.85,86,7,9.35
147,Faanui,PF,2022-Jul-20 06:23:59,-16.4833,-151.75,78.04,66,8,7.99
148,Myitkyina,MM,2022-Jul-20 06:24:00,25.3833,97.4,75.87,100,100,1.97
149,Teya,RU,2022-Jul-20 06:24:01,60.3778,92.6267,56.21,97,100,4.74
150,Kalmunai,LK,2022-Jul-20 06:24:01,7.4167,81.8167,89.24,55,96,5.55
151,Merauke,ID,2022-Jul-20 06:16:46,-8.4667,140.3333,79.32,80,100,14.25
152,Kutum,SD,2022-Jul-20 06:19:20,14.2,24.6667,75.18,62,90,6.04
153,College,US,2022-Jul-20 06:24:02,64.8569,-147.8028,57.15,85,75,3.44
154,Ribeira Grande,PT,2022-Jul-20 06:24:03,38.5167,-28.7,70.2,88,20,6.91
155,Yarada,IN,2022-Jul-20 06:24:04,17.65,83.2667,91.72,62,40,16.11
156,Mount Isa,AU,2022-Jul-20 06:24:04,-20.7333,139.5,76.77,19,0,13.8
157,Provideniya,RU,2022-Jul-20 06:24:05,64.3833,-173.3,47.26,62,88,11.97
158,Bologoye,RU,2022-Jul-20 06:24:05,57.8799,34.1068,60.31,75,78,11.12
159,Esperance,AU,2022-Jul-20 06:24:06,-33.8667,121.9,65.86,57,96,14.65
160,Puri,IN,2022-Jul-20 06:24:06,19.8,85.85,84.72,69,94,14.52
161,Bambous Virieux,MU,2022-Jul-20 06:24:07,-20.3428,57.7575,71.85,64,75,19.57
162,Marsh Harbour,BS,2022-Jul-20 06:24:07,26.5412,-77.0636,81.36,83,11,9.71
163,Gigmoto,PH,2022-Jul-20 06:24:07,13.7796,124.39,87.76,69,59,9.37
164,Olinda,BR,2022-Jul-20 06:24:08,-8.0089,-34.8553,73.13,78,20,8.05
165,Grindavik,IS,2022-Jul-20 06:24:09,63.8424,-22.4338,51.75,93,0,9.22
166,Susanville,US,2022-Jul-20 06:24:09,40.4163,-120.653,61.66,32,0,4.85
167,Kanniyakumari,IN,2022-Jul-20 06:24:10,8.0833,77.5667,84.65,71,100,18.25
168,Half Moon Bay,US,2022-Jul-20 06:13:52,37.4636,-122.4286,63.81,87,100,17.27
169,Strezhevoy,RU,2022-Jul-20 06:24:10,60.7333,77.5889,69.08,43,38,7.74
170,Arauca,CO,2022-Jul-20 06:24:11,7.0847,-70.7591,70.52,96,100,1.88
171,Dunga Bunga,PK,2022-Jul-20 06:24:11,29.7493,73.2432,101.73,41,5,14.92
172,Deputatskiy,RU,2022-Jul-20 06:12:19,69.3,139.9,33.82,95,100,3.36
173,Sabang,ID,2022-Jul-20 06:24:12,5.8933,95.3214,82.99,75,100,25.41
174,Ocean City,US,2022-Jul-20 06:24:13,39.2776,-74.5746,78.98,84,1,3.0
175,Maniitsoq,GL,2022-Jul-20 06:24:13,65.4167,-52.9,44.64,81,74,8.28
176,Gravdal,NO,2022-Jul-20 06:24:13,68.1214,13.5031,55.29,82,20,16.11
177,Yaan,NG,2022-Jul-20 06:24:14,7.3833,8.5667,70.48,93,97,5.59
178,Barao De Melgaco,BR,2022-Jul-20 06:25:14,-16.1944,-55.9675,64.69,40,24,1.41
179,Harnosand,SE,2022-Jul-20 06:25:15,62.6323,17.9379,62.01,62,82,6.35
180,Escanaba,US,2022-Jul-20 06:24:09,45.7453,-87.0646,74.52,89,100,14.0
181,Dessalines,HT,2022-Jul-20 06:25:15,19.2833,-72.5,73.74,87,19,3.44
182,Bayir,TR,2022-Jul-20 06:25:16,37.2687,28.2167,82.92,38,0,5.59
183,Avarua,CK,2022-Jul-20 06:25:16,-21.2078,-159.775,73.45,73,75,12.66
184,Broome,US,2022-Jul-20 06:25:17,42.2506,-75.833,72.18,92,62,3.49
185,Los Llanos De Aridane,ES,2022-Jul-20 06:25:17,28.6585,-17.9182,65.95,83,0,14.97
186,Narsaq,GL,2022-Jul-20 06:25:18,60.9167,-46.05,48.42,93,100,3.06
187,Sivas,TR,2022-Jul-20 06:25:19,39.7916,37.0019,61.43,63,0,11.5
188,The Valley,AI,2022-Jul-20 06:25:19,18.217,-63.0578,82.26,80,1,19.8
189,Portland,US,2022-Jul-20 06:22:27,45.5234,-122.6762,76.6,66,0,6.91
190,Kavieng,PG,2022-Jul-20 06:25:20,-2.5744,150.7967,83.35,71,100,6.69
191,George,ZA,2022-Jul-20 06:25:20,-33.963,22.4617,47.75,93,40,4.61
192,Geraldton,AU,2022-Jul-20 06:25:21,-28.7667,114.6,73.81,53,94,9.22
193,Boueni,YT,2022-Jul-20 06:25:22,-12.9025,45.0761,78.78,69,10,14.45
194,East London,ZA,2022-Jul-20 06:25:22,-33.0153,27.9116,58.14,94,100,8.05
195,Te Anau,NZ,2022-Jul-20 06:25:23,-45.4167,167.7167,41.04,95,100,3.18
196,Makat,KZ,2022-Jul-20 06:25:23,47.6469,53.3463,79.86,31,78,14.85
197,Sistranda,NO,2022-Jul-20 06:25:24,63.7256,8.834,62.56,87,100,18.66
198,Great Falls,US,2022-Jul-20 06:23:52,47.5002,-111.3008,75.65,31,0,10.36
199,Port Macquarie,AU,2022-Jul-20 06:25:24,-31.4333,152.9167,58.89,67,80,7.07
200,Belaya Gora,RU,2022-Jul-20 06:25:25,68.5333,146.4167,46.81,66,100,5.41
201,Bealanana,MG,2022-Jul-20 06:25:25,-14.55,48.7333,61.52,62,55,11.72
202,Luderitz,NA,2022-Jul-20 06:25:26,-26.6481,15.1594,53.76,63,0,15.48
203,San Cristobal,VE,2022-Jul-20 06:25:26,7.7669,-72.225,64.29,97,100,2.84
204,Cidreira,BR,2022-Jul-20 06:25:27,-30.1811,-50.2056,57.54,92,7,7.07
205,Ourossogui,SN,2022-Jul-20 06:25:27,15.6064,-13.3211,84.16,66,93,9.31
206,Heilbron,ZA,2022-Jul-20 06:25:27,-27.2812,27.9709,54.84,45,100,2.3
207,Auki,SB,2022-Jul-20 06:25:28,-8.7676,160.7034,83.43,65,39,0.98
208,Chokwe,MZ,2022-Jul-20 06:25:28,-24.5333,32.9833,69.28,77,17,6.49
209,Husavik,IS,2022-Jul-20 06:25:29,66.0449,-17.3389,45.54,94,100,8.46
210,Clarence Town,AU,2022-Jul-20 06:25:29,-32.5833,151.7833,60.85,81,61,4.25
211,Gondar,ET,2022-Jul-20 06:25:30,12.6,37.4667,60.87,80,100,1.21
212,Yar-Sale,RU,2022-Jul-20 06:25:30,66.8333,70.8333,64.89,47,100,13.8
213,Yulara,AU,2022-Jul-20 06:16:05,-25.2406,130.9889,71.28,21,1,11.77
214,Ocos,GT,2022-Jul-20 06:25:31,14.5094,-92.1933,75.38,87,100,4.79
215,Komsomolskiy,UZ,2022-Jul-20 06:25:31,40.4272,71.7189,95.72,16,0,9.22
216,Adrar,MR,2022-Jul-20 06:25:32,20.5022,-10.0711,84.72,16,9,5.12
217,High Level,CA,2022-Jul-20 06:25:05,58.5169,-117.136,57.31,88,0,4.61
218,Columbus,US,2022-Jul-20 06:21:01,39.9612,-82.9988,75.63,90,40,4.61
219,Goure,NE,2022-Jul-20 06:25:33,13.9835,10.2704,78.03,61,8,10.65
220,Hay River,CA,2022-Jul-20 06:25:33,60.8156,-115.7999,60.78,77,68,17.27
221,San Blas,MX,2022-Jul-20 06:25:34,21.5167,-105.2667,79.57,87,75,2.86
222,Dong Hoi,VN,2022-Jul-20 06:25:34,17.4833,106.6,89.44,65,95,8.03
223,Khani,GE,2022-Jul-20 06:25:35,41.9563,42.9566,58.57,97,100,1.5
224,Barrow,US,2022-Jul-20 06:18:00,71.2906,-156.7887,42.82,81,100,11.5
225,Natal,BR,2022-Jul-20 06:25:35,-5.795,-35.2094,73.62,94,40,9.22
226,Itanagar,IN,2022-Jul-20 06:26:36,27.1,93.6167,80.06,92,99,2.53
227,Luba,GQ,2022-Jul-20 06:26:37,3.4568,8.5547,75.09,85,62,7.9
228,Kaniv,UA,2022-Jul-20 06:26:37,49.7518,31.46,67.91,64,16,6.53
229,Fairview,US,2022-Jul-20 06:23:07,40.8126,-73.999,82.42,64,0,11.5
230,Lasa,IT,2022-Jul-20 06:26:38,46.6166,10.7002,70.7,81,82,1.5
231,Shebunino,RU,2022-Jul-20 06:26:39,46.4339,141.8603,66.9,79,97,5.06
232,Kosh-Agach,RU,2022-Jul-20 06:26:39,50.0,88.6667,59.47,41,52,3.98
233,Bethel,US,2022-Jul-20 06:26:40,41.3712,-73.414,77.9,83,0,1.01
234,Dolores,AR,2022-Jul-20 06:26:40,-36.3132,-57.6792,42.55,89,13,8.99
235,Grand Gaube,MU,2022-Jul-20 06:26:41,-20.0064,57.6608,72.0,65,88,11.99
236,Puqi,CN,2022-Jul-20 06:26:41,29.7167,113.8833,84.47,86,98,8.3
237,Oxelosund,SE,2022-Jul-20 06:26:42,58.6706,17.1015,68.38,77,0,4.61
238,Dingle,PH,2022-Jul-20 06:26:42,10.9995,122.6711,87.58,69,17,7.07
239,Mezhdurechensk,RU,2022-Jul-20 06:26:43,53.6942,88.0603,66.6,76,95,6.31
240,Pontes E Lacerda,BR,2022-Jul-20 06:26:43,-15.2261,-59.3353,65.68,52,3,3.04
241,Arkhipo-Osipovka,RU,2022-Jul-20 06:26:44,44.37,38.52,74.21,55,33,11.83
242,Aklavik,CA,2022-Jul-20 06:26:44,68.2191,-135.0107,62.06,67,85,5.59
243,Gimbi,ET,2022-Jul-20 06:26:45,9.1667,35.8333,54.97,98,100,2.13
244,Nanortalik,GL,2022-Jul-20 06:26:46,60.1432,-45.2371,46.67,96,100,10.76
245,Golspie,GB,2022-Jul-20 06:26:46,57.9727,-3.978,61.95,92,100,3.31
246,Belmonte,BR,2022-Jul-20 06:26:47,-15.8631,-38.8828,71.31,88,56,7.76
247,Esmeraldas,BR,2022-Jul-20 06:26:47,-19.7625,-44.3139,58.06,78,0,3.18
248,Mulanur,IN,2022-Jul-20 06:26:48,10.7667,77.7167,91.9,45,92,9.91
249,Camana,PE,2022-Jul-20 06:26:48,-16.6228,-72.7111,60.91,84,67,5.28
250,Lazaro Cardenas,MX,2022-Jul-20 06:26:49,17.9583,-102.2,79.47,90,20,2.62
251,Roma,US,2022-Jul-20 06:26:49,43.2128,-75.4557,73.72,93,100,5.75
252,Buchlovice,CZ,2022-Jul-20 06:26:50,49.0863,17.3385,75.0,56,0,6.91
253,Saint Anthony,US,2022-Jul-20 06:26:51,45.0205,-93.218,75.13,63,0,12.66
254,Kyshtovka,RU,2022-Jul-20 06:26:51,56.555,76.6271,71.37,67,74,3.83
255,Prince Rupert,CA,2022-Jul-20 06:26:51,54.3161,-130.3201,55.09,95,0,10.36
256,Seoul,KR,2022-Jul-20 06:26:52,37.5683,126.9778,88.99,57,0,9.22
257,Virginia Beach,US,2022-Jul-20 06:22:05,36.8529,-75.978,79.02,94,40,3.44
258,Katsuura,JP,2022-Jul-20 06:26:53,35.1333,140.3,82.29,76,77,7.34
259,Bilma,NE,2022-Jul-20 06:26:53,18.6853,12.9164,87.15,26,1,2.86
260,Denpasar,ID,2022-Jul-20 06:26:54,-8.65,115.2167,82.06,78,20,16.11
261,Kalemie,CD,2022-Jul-20 06:26:54,-5.9475,29.1947,75.78,54,44,9.04
262,North Bend,US,2022-Jul-20 06:26:55,43.4065,-124.2243,58.24,96,100,5.75
263,Obo,CF,2022-Jul-20 06:26:55,5.3998,26.4869,69.67,96,98,1.3
264,Klaksvik,FO,2022-Jul-20 06:26:56,62.2266,-6.589,52.72,96,86,10.02
265,Mayya,RU,2022-Jul-20 06:26:57,61.7333,130.2811,74.52,37,61,9.06
266,Xichang,CN,2022-Jul-20 06:26:57,27.8964,102.2634,76.24,70,100,4.43
267,Tres Palos,MX,2022-Jul-20 06:26:58,18.1833,-101.6167,73.78,98,78,3.49
268,Verkh-Usugli,RU,2022-Jul-20 06:26:58,52.7,115.1667,82.11,39,84,7.18
269,Beloha,MG,2022-Jul-20 06:26:59,-25.1667,45.05,69.96,47,0,14.74
270,Marawi,PH,2022-Jul-20 06:27:59,7.9986,124.2928,77.59,83,45,4.5
271,Lagoa,PT,2022-Jul-20 06:28:00,39.05,-27.9833,70.92,86,7,8.05
272,Shingu,JP,2022-Jul-20 06:28:00,33.7333,135.9833,90.23,49,83,8.3
273,Halifax,CA,2022-Jul-20 06:28:01,44.6453,-63.5724,69.48,86,14,10.0
274,Zelenoborskiy,RU,2022-Jul-20 06:28:01,66.845,32.3622,57.43,90,100,10.11
275,Westport,US,2022-Jul-20 06:27:05,41.1415,-73.3579,81.09,89,0,6.91
276,Sisimiut,GL,2022-Jul-20 06:28:02,66.9395,-53.6735,45.86,85,93,2.82
277,Limenaria,GR,2022-Jul-20 06:28:03,40.6261,24.5786,77.94,47,0,9.82
278,Kaitangata,NZ,2022-Jul-20 06:28:03,-46.2817,169.8464,43.48,79,99,4.38
279,Toora-Khem,RU,2022-Jul-20 06:28:04,52.4675,96.11,66.81,40,55,1.57
280,Iwanai,JP,2022-Jul-20 06:28:04,42.9744,140.5089,74.05,83,85,5.57
281,Rio Gallegos,AR,2022-Jul-20 06:28:05,-51.6226,-69.2181,33.85,80,0,33.38
282,Kazar,HU,2022-Jul-20 06:28:05,48.0495,19.8614,74.14,43,2,2.13
283,Veinticinco De Mayo,AR,2022-Jul-20 06:28:06,-35.4323,-60.1727,43.99,86,6,1.99
284,Talnakh,RU,2022-Jul-20 06:28:06,69.4865,88.3972,63.21,53,91,4.18
285,Comodoro Rivadavia,AR,2022-Jul-20 06:28:07,-45.8667,-67.5,49.86,50,0,26.46
286,Biankouma,CI,2022-Jul-20 06:28:07,7.7391,-7.6138,67.5,98,100,2.73
287,Kapaa,US,2022-Jul-20 06:28:08,22.0752,-159.319,80.58,84,100,17.27
288,Shetpe,KZ,2022-Jul-20 06:28:08,44.1667,52.1167,87.24,21,14,22.91
289,Changchun,CN,2022-Jul-20 06:28:09,43.88,125.3228,84.16,64,95,1.97
290,Lebu,CL,2022-Jul-20 06:28:10,-37.6167,-73.65,48.42,94,16,5.79
291,Nushki,PK,2022-Jul-20 06:28:10,29.5542,66.0215,94.08,40,43,10.85
292,Faya,SA,2022-Jul-20 06:28:10,18.3851,42.4509,75.72,42,99,11.39
293,Nuuk,GL,2022-Jul-20 06:28:11,64.1835,-51.7216,50.61,81,75,4.61
294,Aykhal,RU,2022-Jul-20 06:28:11,66.0,111.5,59.9,55,35,16.82
295,Vanimo,PG,2022-Jul-20 06:28:12,-2.6741,141.3028,82.0,81,83,4.81
296,Ust-Kuyga,RU,2022-Jul-20 06:28:12,70.0167,135.6,52.63,54,100,13.73
297,Ngama,TD,2022-Jul-20 06:28:13,11.7833,17.1667,73.22,86,100,6.26
298,Kenai,US,2022-Jul-20 06:23:22,60.5544,-151.2583,53.1,92,100,4.61
299,Zhob,PK,2022-Jul-20 06:28:13,31.3411,69.4481,89.44,41,0,2.89
300,San Quintin,MX,2022-Jul-20 06:28:14,30.4833,-115.95,68.32,84,35,5.97
301,Beterou,BJ,2022-Jul-20 06:28:14,9.1992,2.2586,67.66,97,69,4.03
302,Milyutinskaya,RU,2022-Jul-20 06:28:15,48.6279,41.6679,79.0,34,2,1.79
303,Svetlogorsk,BY,2022-Jul-20 06:28:15,52.6333,29.7333,66.06,78,65,12.06
304,Novosergiyevka,RU,2022-Jul-20 06:28:16,52.0934,53.6528,72.23,51,0,11.54
305,Imeni Poliny Osipenko,RU,2022-Jul-20 06:28:17,52.4201,136.4853,60.57,90,100,7.61
306,Pilibanga,IN,2022-Jul-20 06:28:18,29.4916,74.079,101.48,41,7,11.59
307,Tilichiki,RU,2022-Jul-20 06:28:18,60.4667,166.1,59.41,49,100,14.43
308,Jacareacanga,BR,2022-Jul-20 06:28:19,-6.2222,-57.7528,69.51,68,43,2.15
309,Bykovo,RU,2022-Jul-20 06:28:20,55.6361,38.0803,58.73,88,75,6.71
310,Saint George,US,2022-Jul-20 06:28:20,37.1041,-113.5841,94.95,28,0,4.0
311,Kavaratti,IN,2022-Jul-20 06:28:20,10.5669,72.642,80.87,81,100,22.06
312,Tateyama,JP,2022-Jul-20 06:28:21,34.9833,139.8667,88.11,74,57,3.58
313,Valuyki,RU,2022-Jul-20 06:28:22,50.2035,38.1067,67.37,65,29,7.99
314,Pampas,PE,2022-Jul-20 06:28:22,-12.4,-74.9,44.73,87,54,2.21
315,Sulangan,PH,2022-Jul-20 06:28:23,11.1373,123.7228,85.42,70,4,4.47
316,Sovetsk,RU,2022-Jul-20 06:29:23,55.0839,21.8785,65.71,74,55,4.18
317,Isangel,VU,2022-Jul-20 06:29:24,-19.55,169.2667,78.91,89,40,6.91
318,Carberry,CA,2022-Jul-20 06:29:24,49.8689,-99.3602,62.83,84,60,10.6
319,Mangan,IN,2022-Jul-20 06:29:20,27.5167,88.5333,78.96,98,100,3.89
320,Beringovskiy,RU,2022-Jul-20 06:29:25,63.05,179.3167,46.53,93,70,35.01
321,Najran,SA,2022-Jul-20 06:29:25,17.4924,44.1277,88.45,32,100,11.01
322,Maragogi,BR,2022-Jul-20 06:29:26,-9.0122,-35.2225,72.97,84,8,7.11
323,Wenling,CN,2022-Jul-20 06:29:26,28.3669,121.36,86.76,73,66,15.48
324,Yerbogachen,RU,2022-Jul-20 06:29:27,61.2767,108.0108,68.72,67,85,8.61
325,Corinto,GR,2022-Jul-20 06:29:27,37.9407,22.9573,80.42,48,0,1.01
326,Qaqortoq,GL,2022-Jul-20 06:29:28,60.7167,-46.0333,45.23,98,100,3.02
327,Panama City,PA,2022-Jul-20 06:29:28,8.9936,-79.5197,78.3,88,75,2.3
328,Ancud,CL,2022-Jul-20 06:29:29,-41.8697,-73.8203,50.23,96,100,19.95
329,Jakar,BT,2022-Jul-20 06:29:29,27.5492,90.7525,62.35,97,100,2.28
330,Vostok,RU,2022-Jul-20 06:29:30,46.4856,135.8833,71.38,83,89,2.71
331,Luau,AO,2022-Jul-20 06:29:30,-10.7073,22.2247,62.83,40,1,5.59
332,Harper,LR,2022-Jul-20 06:29:31,4.375,-7.7169,73.65,73,98,7.0
333,Sobolevo,RU,2022-Jul-20 06:29:31,54.4299,31.8996,61.43,92,82,13.76
334,Olafsvik,IS,2022-Jul-20 06:29:32,64.8945,-23.7142,50.74,81,66,9.55
335,Dukat,RU,2022-Jul-20 06:29:32,62.55,155.55,53.55,75,97,4.83
336,Lhokseumawe,ID,2022-Jul-20 06:29:33,5.1801,97.1507,87.93,62,81,10.4
337,Carbonia,IT,2022-Jul-20 06:29:33,39.1672,8.5222,74.05,47,0,4.63
338,Waupun,US,2022-Jul-20 06:25:58,43.6333,-88.7296,78.4,78,16,16.8
339,Chipinge,ZW,2022-Jul-20 06:29:34,-20.1883,32.6236,60.94,67,44,2.46
340,Mitchell,US,2022-Jul-20 06:27:34,43.7094,-98.0298,73.38,67,0,12.66
341,Muisne,EC,2022-Jul-20 06:29:34,0.6,-80.0333,72.97,86,100,8.9
342,Mzimba,MW,2022-Jul-20 06:29:35,-11.9,33.6,61.99,68,5,15.68
343,Moree,AU,2022-Jul-20 06:24:38,-29.4667,149.85,60.48,55,84,9.69
344,Tual,ID,2022-Jul-20 06:29:35,-5.6667,132.75,79.59,79,70,17.85
345,Luwuk,ID,2022-Jul-20 06:29:36,-0.9516,122.7875,84.43,71,63,4.79
346,Kurumkan,RU,2022-Jul-20 06:29:36,54.3,110.3,68.92,78,68,8.9
347,Kisangani,CD,2022-Jul-20 06:29:37,0.5167,25.2,71.33,90,62,0.85
348,Codrington,AU,2022-Jul-20 06:29:37,-38.2667,141.9667,54.01,62,3,4.85
349,Vardo,NO,2022-Jul-20 06:29:38,70.3705,31.1107,53.58,100,75,17.27
350,Leningradskiy,RU,2022-Jul-20 06:29:38,69.3833,178.4167,32.97,98,100,19.82
351,Monywa,MM,2022-Jul-20 06:29:39,22.1167,95.1333,93.38,50,99,6.29
352,Victoria,HK,2022-Jul-20 06:29:39,22.2855,114.1577,96.19,99,65,12.93
353,Gorontalo,ID,2022-Jul-20 06:24:47,0.5412,123.0595,84.24,78,93,4.99
354,Awjilah,LY,2022-Jul-20 06:29:40,29.1081,21.2869,76.84,53,0,13.11
355,Ilulissat,GL,2022-Jul-20 06:29:40,69.2167,-51.1,44.62,81,75,2.3
356,Vilhena,BR,2022-Jul-20 06:29:41,-12.7406,-60.1458,63.41,52,0,3.2
357,Nalut,LY,2022-Jul-20 06:29:41,30.3333,10.85,77.58,33,0,12.77
358,Lavrentiya,RU,2022-Jul-20 06:29:42,65.5833,-171.0,41.99,73,97,8.08
359,Paita,PE,2022-Jul-20 06:29:42,-5.0892,-81.1144,61.74,86,83,10.54
360,Honiara,SB,2022-Jul-20 06:29:43,-9.4333,159.95,82.76,74,22,3.02
361,Phan Thiet,VN,2022-Jul-20 06:29:43,10.9333,108.1,85.53,67,100,12.53
362,Padang,ID,2022-Jul-20 06:29:44,-0.9492,100.3543,87.85,74,100,5.23
363,Grenada,ES,2022-Jul-20 06:27:28,37.1882,-3.6067,70.92,46,0,6.91
364,Valparaiso,CL,2022-Jul-20 06:29:44,-33.0393,-71.6273,49.48,85,0,4.61
365,Salisbury,GB,2022-Jul-20 06:29:45,51.0693,-1.7957,65.97,92,75,9.22
366,Umm Kaddadah,SD,2022-Jul-20 06:30:45,13.6017,26.6876,81.72,58,10,13.53
367,San Rafael,AR,2022-Jul-20 06:30:46,-34.6177,-68.3301,46.71,35,0,6.24
368,Pampa,US,2022-Jul-20 06:30:46,35.5362,-100.9599,95.95,24,0,10.36
369,Tanabe,JP,2022-Jul-20 06:30:47,33.7333,135.3667,87.01,66,75,8.05
370,Nurota,UZ,2022-Jul-20 06:30:47,40.5614,65.6886,98.69,12,0,26.51
371,Iqaluit,CA,2022-Jul-20 06:30:48,63.7506,-68.5145,38.93,100,100,8.05
372,Sehithwa,BW,2022-Jul-20 06:30:48,-20.4667,22.7167,60.12,45,0,4.12
373,Mackenzie,CA,2022-Jul-20 06:30:49,55.2999,-123.1698,59.22,55,0,5.75
374,Hornostayivka,UA,2022-Jul-20 06:30:49,47.0078,33.729,73.78,47,6,6.11
375,Hobyo,SO,2022-Jul-20 06:30:50,5.3505,48.5268,80.96,60,76,24.02
376,Melfort,CA,2022-Jul-20 06:30:50,52.8667,-104.6177,62.73,77,100,8.05
377,Mizdah,LY,2022-Jul-20 06:30:51,31.4451,12.9801,76.91,54,0,4.32
378,Nikolskoye,RU,2022-Jul-20 06:30:51,59.7035,30.7861,64.87,54,16,12.73
379,Fredericksburg,US,2022-Jul-20 06:30:12,38.3032,-77.4605,74.73,86,0,0.0
380,Tome,CL,2022-Jul-20 06:30:52,-36.6167,-72.95,39.81,90,0,3.36
381,Ola,RU,2022-Jul-20 06:30:52,59.5833,151.2833,75.15,87,75,7.11
382,Kavkazskiy,RU,2022-Jul-20 06:30:53,44.2672,42.2347,62.1,93,100,3.36
383,Tazovskiy,RU,2022-Jul-20 06:30:53,67.4667,78.7,58.51,51,59,18.97
384,Malazgirt,TR,2022-Jul-20 06:30:54,39.1427,42.5401,82.29,34,0,2.95
385,Teknaf,BD,2022-Jul-20 06:30:54,20.8624,92.3058,86.85,69,84,8.9
386,Cockburn Town,TC,2022-Jul-20 06:30:54,21.4612,-71.1419,81.46,77,1,19.62
387,Turbat,PK,2022-Jul-20 06:30:55,26.0023,63.044,92.5,57,99,7.14
388,Chishtian Mandi,PK,2022-Jul-20 06:30:55,29.8,72.8667,102.16,39,1,16.89
389,Tura,IN,2022-Jul-20 06:30:56,25.5198,90.2201,84.2,72,100,5.41
390,Silopi,TR,2022-Jul-20 06:30:57,37.2497,42.4694,99.77,12,0,6.53
391,Port Hardy,CA,2022-Jul-20 06:30:26,50.6996,-127.4199,55.58,82,0,3.44
392,Sanok,PL,2022-Jul-20 06:30:57,49.5557,22.2056,75.27,43,9,3.13
393,Cambara,BR,2022-Jul-20 06:30:58,-23.0464,-50.0736,61.99,93,1,5.91
394,Belyy Yar,RU,2022-Jul-20 06:30:58,53.6039,91.3903,75.09,38,0,8.95
395,Umarkot,PK,2022-Jul-20 06:30:59,25.3616,69.7362,95.38,50,100,18.07
396,Gainesville,US,2022-Jul-20 06:30:59,29.6516,-82.3248,74.7,90,0,0.0
397,Gunjur,GM,2022-Jul-20 06:31:00,13.2019,-16.7339,77.07,94,40,5.75
398,Chapais,CA,2022-Jul-20 06:31:00,49.7834,-74.8492,53.38,93,0,3.53
399,Suez,EG,2022-Jul-20 06:31:01,29.9737,32.5263,88.09,42,0,9.73
400,Vilcun,CL,2022-Jul-20 06:31:01,-38.65,-72.2333,43.54,92,57,4.88
401,Kotaparh,IN,2022-Jul-20 06:31:02,19.15,82.35,82.31,68,100,11.83
402,Kahului,US,2022-Jul-20 06:31:02,20.8947,-156.47,78.82,61,40,16.11
403,Xiuyan,CN,2022-Jul-20 06:31:03,40.2928,123.2744,76.5,83,100,4.03
404,Pouebo,NC,2022-Jul-20 06:31:03,-20.4,164.5667,75.31,84,98,7.16
405,Kiunga,PG,2022-Jul-20 06:31:04,-6.1219,141.2906,78.78,96,100,1.5
406,Iquitos,PE,2022-Jul-20 06:31:04,-3.7481,-73.2472,71.64,100,100,2.3
407,Great Bend,US,2022-Jul-20 06:31:05,38.3645,-98.7648,82.04,67,0,8.05
408,Indian Head,US,2022-Jul-20 06:31:06,38.6001,-77.1622,77.18,86,0,3.44
409,Ambon,ID,2022-Jul-20 06:31:06,-3.6954,128.1814,86.14,70,40,3.44
410,Kaeo,NZ,2022-Jul-20 06:31:07,-35.1,173.7833,57.33,87,22,10.58
411,Santa Isabel Do Rio Negro,BR,2022-Jul-20 06:31:07,-0.4139,-65.0192,70.93,100,100,0.78
412,Hofn,IS,2022-Jul-20 06:32:08,64.2539,-15.2082,49.96,79,100,12.97
413,Sakaiminato,JP,2022-Jul-20 06:32:08,35.55,133.2333,87.78,66,75,11.5
414,Balkhash,KZ,2022-Jul-20 06:32:09,46.844,74.9804,88.41,22,0,11.18
415,La Baneza,ES,2022-Jul-20 06:32:10,42.3003,-5.8977,61.68,68,0,6.38
416,Pisco,PE,2022-Jul-20 06:32:10,-13.7,-76.2167,60.03,94,100,3.44
417,Eureka,US,2022-Jul-20 06:30:26,40.8021,-124.1637,61.66,85,69,4.32
418,Lata,PT,2022-Jul-20 06:32:11,40.1629,-8.3327,59.07,79,0,3.22
419,Karratha,AU,2022-Jul-20 06:32:11,-20.7377,116.8463,78.24,33,0,15.55
420,Dera Bugti,PK,2022-Jul-20 06:28:41,29.0307,69.151,93.49,51,27,8.41
421,Aurillac,FR,2022-Jul-20 06:32:12,44.9167,2.45,63.68,85,20,3.44
422,Vidim,RU,2022-Jul-20 06:32:13,56.4088,103.1106,69.44,54,48,9.42
423,Mae Chan,TH,2022-Jul-20 06:32:13,20.1467,99.8526,85.68,79,100,2.33
424,Oktyabrskiy,RU,2022-Jul-20 06:32:14,54.4815,53.471,67.91,57,10,12.48
425,Borogontsy,RU,2022-Jul-20 06:32:14,62.6683,131.1683,78.66,53,88,8.03
426,Polson,US,2022-Jul-20 06:32:14,47.6936,-114.1632,65.77,47,0,3.49
427,Northam,GB,2022-Jul-20 06:32:15,51.0333,-4.2167,65.61,89,94,5.91
428,Druzhba,UA,2022-Jul-20 06:32:15,52.0428,33.9453,64.89,76,100,13.24
429,Xam Nua,LA,2022-Jul-20 06:32:16,20.4197,104.0439,81.97,75,100,2.84
430,Mogadishu,SO,2022-Jul-20 06:32:17,2.0371,45.3438,78.67,73,20,13.8
431,Trat,TH,2022-Jul-20 06:32:17,12.5,102.5,86.2,90,100,5.88
432,Hualmay,PE,2022-Jul-20 06:32:18,-11.0964,-77.6139,60.57,84,54,5.64
433,Moose Factory,CA,2022-Jul-20 06:32:19,51.2585,-80.6094,55.4,94,0,5.75
434,Whitianga,NZ,2022-Jul-20 06:32:19,-36.8333,175.7,56.21,84,100,13.82
435,Lompoc,US,2022-Jul-20 06:32:20,34.6391,-120.4579,62.74,95,100,8.05
436,Plettenberg Bay,ZA,2022-Jul-20 06:32:20,-34.0527,23.3716,54.36,83,100,4.41
437,Havelock,US,2022-Jul-20 06:32:21,34.8791,-76.9013,82.38,91,1,1.99
438,Nouadhibou,MR,2022-Jul-20 06:32:22,20.931,-17.0347,67.98,100,75,18.41
439,Miri,MY,2022-Jul-20 06:32:22,4.4148,114.0089,84.34,84,40,3.44
440,Yushu,CN,2022-Jul-20 06:32:23,44.8,126.5333,82.22,60,68,0.85
441,San Benito,US,2022-Jul-20 06:32:23,36.6166,-121.0844,64.87,28,0,2.35
442,Presidencia Roque Saenz Pena,AR,2022-Jul-20 06:32:24,-26.7852,-60.4388,60.91,84,100,4.12
443,Hammerfest,NO,2022-Jul-20 06:32:24,70.6634,23.6821,50.45,100,75,8.05
444,Tommot,RU,2022-Jul-20 06:31:27,58.9564,126.2925,74.97,65,98,5.55
445,Sao Joao Da Barra,BR,2022-Jul-20 06:32:25,-21.6403,-41.0511,68.58,92,15,4.12
446,Arman,RU,2022-Jul-20 06:32:25,59.7,150.1667,75.02,76,28,5.41
447,Ifo,NG,2022-Jul-20 06:32:26,6.8144,3.1958,72.95,81,78,3.89
448,Acapulco,MX,2022-Jul-20 06:29:43,16.8634,-99.8901,80.42,74,40,0.0
449,Sur,OM,2022-Jul-20 06:32:26,22.5667,59.5289,90.19,66,39,7.02
450,Cabo San Lucas,MX,2022-Jul-20 06:31:50,22.8909,-109.9124,86.5,66,34,1.99
451,Paamiut,GL,2022-Jul-20 06:32:27,61.994,-49.6678,45.66,93,100,1.95
452,Jinchang,CN,2022-Jul-20 06:32:28,38.4953,102.1739,88.34,13,10,9.15
453,Timbo,BR,2022-Jul-20 06:32:28,-26.8233,-49.2717,64.58,90,59,1.05
454,Sampit,ID,2022-Jul-20 06:32:28,-2.5333,112.95,84.58,77,80,1.81
455,Sindou,BF,2022-Jul-20 06:32:29,10.6667,-5.1667,70.56,96,100,5.32
456,Sitka,US,2022-Jul-20 06:33:30,57.0531,-135.33,53.49,94,100,3.44
457,Linhares,BR,2022-Jul-20 06:33:30,-19.3911,-40.0722,64.24,96,0,2.68
458,Yantal,RU,2022-Jul-20 06:33:31,56.8471,105.2542,69.31,54,100,5.12
459,Mayo,US,2022-Jul-20 06:33:31,38.8876,-76.5119,78.94,88,0,1.01
460,Airai,TL,2022-Jul-20 06:33:32,-8.9266,125.4092,70.41,58,19,2.24
461,Saint-Augustin,CA,2022-Jul-20 06:33:32,51.226,-58.6502,58.01,96,100,27.47
462,Ukiah,US,2022-Jul-20 06:33:33,39.1502,-123.2078,65.37,77,0,2.62
463,Axim,GH,2022-Jul-20 06:33:33,4.8699,-2.2405,74.28,72,95,9.55
464,Jardinopolis,BR,2022-Jul-20 06:30:04,-21.0178,-47.7639,60.22,77,0,3.44
465,Gusau,NG,2022-Jul-20 06:33:34,12.1628,6.6614,75.85,77,14,10.8
466,Carora,VE,2022-Jul-20 06:33:35,10.1755,-70.0827,72.93,81,83,7.02
467,Mount Gambier,AU,2022-Jul-20 06:31:35,-37.8333,140.7667,49.59,68,10,5.7
468,Mandalgovi,MN,2022-Jul-20 06:33:35,45.7625,106.2708,81.79,27,5,9.57
469,Klaeng,TH,2022-Jul-20 06:33:36,12.7797,101.6483,85.95,97,100,4.76
470,Pemangkat,ID,2022-Jul-20 06:33:36,1.1667,108.9667,87.04,65,70,10.47
471,Leninskoye,KZ,2022-Jul-20 06:33:37,41.7589,69.3864,101.14,10,0,10.92
472,Male,MV,2022-Jul-20 06:33:37,4.1748,73.5089,84.15,70,100,13.8
473,Lao Cai,VN,2022-Jul-20 06:33:38,22.4833,103.95,87.89,76,100,2.93
474,Santiago De Cao,PE,2022-Jul-20 06:33:39,-7.9589,-79.2392,60.93,82,100,6.91
475,Belfast,GB,2022-Jul-20 06:29:57,54.5833,-5.9333,58.37,82,100,6.91
476,Praya,CV,2022-Jul-20 06:33:39,14.9215,-23.5087,75.74,88,75,3.44
477,Kerema,PG,2022-Jul-20 06:33:40,-7.9631,145.7785,78.66,87,100,8.66
478,Almonte,ES,2022-Jul-20 06:33:03,37.2647,-6.5167,78.57,32,0,4.76
479,Colares,PT,2022-Jul-20 06:33:41,38.7992,-9.4469,68.79,74,20,21.0
480,Kosino,RU,2022-Jul-20 06:33:42,58.4127,51.2782,61.72,81,95,9.19
481,Dzaoudzi,YT,2022-Jul-20 06:33:42,-12.7887,45.2699,78.69,73,40,17.27
482,Waingapu,ID,2022-Jul-20 06:33:42,-9.6567,120.2641,82.92,55,6,15.82
483,Kieta,PG,2022-Jul-20 06:33:43,-6.2167,155.6333,81.27,77,10,3.24
484,Laguna,US,2022-Jul-20 06:33:44,38.421,-121.4238,79.63,45,0,8.05
485,Alta Floresta,BR,2022-Jul-20 06:33:44,-9.8756,-56.0861,63.86,53,0,3.67
486,Coihueco,CL,2022-Jul-20 06:33:45,-36.6167,-71.8333,30.94,100,0,3.44
487,Aripuana,BR,2022-Jul-20 06:33:45,-9.1667,-60.6333,67.59,58,0,1.83
488,Korla,CN,2022-Jul-20 06:33:46,41.7597,86.1469,79.59,35,78,9.53
489,Coquimbo,CL,2022-Jul-20 06:33:46,-29.9533,-71.3436,51.53,100,100,3.44
490,Margate,GB,2022-Jul-20 06:33:46,51.3813,1.3862,65.89,85,100,5.01
491,Namibe,AO,2022-Jul-20 06:33:47,-15.1961,12.1522,62.67,82,6,4.32
492,Ignacio Zaragoza,MX,2022-Jul-20 06:33:48,28.3833,-107.2167,64.67,69,5,6.85
493,Zemio,CF,2022-Jul-20 06:33:48,5.0314,25.1361,70.93,92,97,1.36
494,Nirmal,IN,2022-Jul-20 06:33:49,19.1,78.35,84.69,67,86,13.51
495,Manadhoo,MV,2022-Jul-20 06:33:49,5.7667,73.3833,81.25,76,93,18.59
496,Canoa,DO,2022-Jul-20 06:33:50,18.355,-71.1585,76.03,84,10,0.98
497,Pangoa,PE,2022-Jul-20 06:33:50,-12.1167,-73.0,66.99,97,97,1.25
498,Calama,CL,2022-Jul-20 06:33:50,-22.4667,-68.9333,48.69,21,20,16.11
499,Zheleznodorozhnyy,RU,2022-Jul-20 06:33:52,55.7503,38.0042,59.43,96,100,5.91
500,Salvador,SV,2022-Jul-20 06:33:30,13.8333,-88.9167,72.0,97,100,3.11
501,Den Helder,NL,2022-Jul-20 06:33:52,52.9599,4.7593,74.97,80,5,14.0
502,Ayan,RU,2022-Jul-20 06:34:53,56.45,138.1667,57.02,98,100,8.66
503,Tezu,IN,2022-Jul-20 06:34:53,27.9167,96.1667,81.1,97,98,2.17
504,Yurginskoye,RU,2022-Jul-20 06:34:54,56.8189,67.3921,70.56,83,100,6.98
505,Taltal,CL,2022-Jul-20 06:34:54,-25.4,-70.4833,57.02,79,98,2.1
506,Luancheng,CN,2022-Jul-20 06:34:54,37.8792,114.6517,89.76,40,5,9.33
507,Roznava,SK,2022-Jul-20 06:34:55,48.6601,20.5376,80.08,38,6,0.34
508,Boulder City,US,2022-Jul-20 06:34:55,35.9786,-114.8325,97.12,18,76,5.44
509,Shenzhen,CN,2022-Jul-20 06:33:59,22.5455,114.0683,93.85,77,27,13.18
510,Kirundo,BI,2022-Jul-20 06:34:56,-2.5833,30.1667,71.91,43,73,7.45
511,Zhenhai,CN,2022-Jul-20 06:34:56,24.2582,118.0905,90.28,78,8,12.46
512,Pavlodar,KZ,2022-Jul-20 06:34:57,52.3,76.95,82.2,26,0,4.47
513,Kaspiyskiy,RU,2022-Jul-20 06:34:58,45.3929,47.3707,67.24,80,100,9.17
514,Ahwa,IN,2022-Jul-20 06:34:58,20.75,73.6833,80.11,80,82,10.56
515,Tautira,PF,2022-Jul-20 06:34:58,-17.7333,-149.15,76.98,71,6,5.3
516,Hushitai,CN,2022-Jul-20 06:34:59,41.9322,123.5114,84.11,78,99,7.92
517,Alasehir,TR,2022-Jul-20 06:35:00,38.3508,28.5172,80.58,46,0,6.89
518,Watrous,CA,2022-Jul-20 06:35:00,51.6668,-105.4679,62.38,82,73,5.75
519,Poso,ID,2022-Jul-20 06:35:01,-1.3959,120.7524,84.74,68,100,3.36
520,Rocha,UY,2022-Jul-20 06:35:01,-34.4833,-54.3333,40.26,94,5,7.16
521,Sola,VU,2022-Jul-20 06:35:02,-13.8833,167.55,81.27,83,75,0.0
522,Tacoronte,ES,2022-Jul-20 06:35:03,28.4769,-16.4102,77.32,40,0,5.75
523,Dickinson,US,2022-Jul-20 06:33:12,29.4608,-95.0513,84.94,85,20,6.91
524,Fort Wellington,GY,2022-Jul-20 06:35:03,6.4,-57.6,76.84,89,100,8.81
525,Henties Bay,NA,2022-Jul-20 06:35:04,-22.116,14.2845,55.89,80,0,1.81
526,Nome,US,2022-Jul-20 06:35:04,64.5011,-165.4064,44.67,76,100,6.91
527,Meulaboh,ID,2022-Jul-20 06:35:05,4.1363,96.1285,85.62,61,77,6.29
528,Juba,SS,2022-Jul-20 06:35:05,4.8517,31.5825,71.06,91,99,1.54
529,Mareeba,AU,2022-Jul-20 06:35:06,-17.0,145.4333,74.44,75,63,4.32
530,Tuy Hoa,VN,2022-Jul-20 06:34:56,13.0833,109.3,80.29,85,100,6.96
531,Kaluga,RU,2022-Jul-20 06:35:06,54.5,35.5,59.32,89,98,13.29
532,Luganville,VU,2022-Jul-20 06:35:07,-15.5333,167.1667,78.94,85,15,7.54
533,Bago,MM,2022-Jul-20 06:35:07,17.3367,96.4797,89.91,64,100,7.2
534,Bitlis,TR,2022-Jul-20 06:35:08,38.5,42.25,82.13,19,0,5.73
535,Mezen,RU,2022-Jul-20 06:35:08,65.8522,44.24,78.69,38,0,13.0
536,San Ignacio,BZ,2022-Jul-20 06:35:09,17.1561,-89.0714,73.54,94,0,0.0
537,Madang,PG,2022-Jul-20 06:35:09,-5.2246,145.7966,82.78,75,100,5.95
538,Avera,US,2022-Jul-20 06:35:10,33.194,-82.5271,73.54,93,4,6.62
539,Imbituba,BR,2022-Jul-20 06:35:10,-28.24,-48.6703,63.86,97,1,2.57
540,Chumikan,RU,2022-Jul-20 06:35:11,54.7183,135.315,51.94,99,100,7.05
541,Qostanay,KZ,2022-Jul-20 06:35:11,53.1667,63.5833,79.09,47,0,15.66
542,Moyale,KE,2022-Jul-20 06:35:11,3.5167,39.0584,66.09,67,94,14.5
543,Seda,LV,2022-Jul-20 06:35:12,57.65,25.75,62.06,49,83,10.96
544,Mirpur Khas,PK,2022-Jul-20 06:35:12,25.5251,69.0159,96.17,50,99,19.93
545,Guangyuan,CN,2022-Jul-20 06:35:13,32.442,105.823,86.68,59,31,9.13
546,Sao Sebastiao,BR,2022-Jul-20 06:35:13,-23.76,-45.4097,68.83,96,100,4.12
547,San Francisco,US,2022-Jul-20 06:35:14,37.7749,-122.4194,65.05,92,75,17.27
548,Tongliao,CN,2022-Jul-20 06:35:14,43.6125,122.2653,84.56,51,100,8.7
549,Manggar,ID,2022-Jul-20 06:36:14,-2.8833,108.2667,82.76,82,98,12.53
550,Bafra,TR,2022-Jul-20 06:36:15,41.5678,35.9069,76.26,54,40,12.84
551,Coolum Beach,AU,2022-Jul-20 06:36:15,-26.5333,153.1,64.11,85,100,18.03
